user_id,name,email
0,Jerry,Humphrey,deborah78@example.org
1,Jeffrey,Garza,alexanderhernandez@example.org
2,Carl,Johnson,zwright@example.net
3,Michael,Woodard,benjamineric@example.org
4,Kenneth,Moore,kelly54@example.com
5,Kevin,Perez,pattersonmichael@example.net
6,Michael,Lee,ricejessica@example.com
7,Dominique,Ochoa,traceyreyes@example.org
8,Susan,Padilla,lmartinez@example.net
9,Amy,Kemp,wesley77@example.com
10,Donna,Craig,imoody@example.org
11,Jessica,Graham,kwilliamson@example.net
12,Brady,Moreno,jenniferharris@example.org
13,Danny,Sullivan,fknight@example.com
14,Deborah,Copeland,jessica62@example.com
15,Shaun,Ward,yjames@example.org
16,Anna,Cowan,qvillanueva@example.org
17,Holly,Smith,ericmatthews@example.com
18,Ronald,Bailey,jrhodes@example.net
19,Jessica,Lynch,rebeccajoseph@example.net
20,Michael,Chapman,morenosarah@example.net
21,Lisa,Pruitt,ydougherty@example.org
22,Jennifer,Leon,ayersbrendan@example.org
23,Heidi,Sparks,howellveronica@example.net
24,Chelsea,Mcdaniel,beasleybrittany@example.net
25,Christopher,Carter,fcameron@example.com
26,Cynthia,Wagner,douglasschaefer@example.net
27,Sandy,Murphy,jpetersen@example.net
28,Sydney,White,joseph41@example.net
29,Jessica,Payne,kristin99@example.org
30,Jennifer,Edwards,david58@example.com
31,Willie,Daniel,zbeck@example.com
32,Tina,Jenkins,ejohnson@example.com
33,Robert,Hicks,powellsusan@example.org
34,Joseph,Lee,annebuckley@example.net
35,Julia,Alvarez,travismason@example.org
36,Mark,Perez,charles10@example.com
37,Rickey,Hamilton,xriley@example.net
38,Michele,Burton,michael58@example.org
39,Bobby,Ryan,whiteblake@example.com
40,Jason,Zimmerman,aperez@example.org
41,Dean,Brown,sanchezrichard@example.org
42,Debbie,Oliver,jessica97@example.org
43,Daniel,Johnson,qreed@example.net
44,Teresa,Pruitt,soliswesley@example.com
45,Carlos,Frank,merrittbrittany@example.org
46,Aaron,Conway,uyang@example.com
47,Sherry,Diaz,keithmartin@example.com
48,Craig,Williams,smithlee@example.net
49,Paul,Morrow,jonathan17@example.net
50,Kayla,Williams,katherine84@example.com
51,Ashley,Patel,jessica18@example.com
52,John,Collins,robert67@example.org
53,Henry,Harrison,collinscatherine@example.org
54,Sandra,Tate,figueroajoshua@example.org
55,Brittany,Turner,alex24@example.net
56,Bryan,Tucker,fbuchanan@example.net
57,Peter,Case,christopheranderson@example.net
58,Tyler,Moore,brucegaines@example.net
59,Brandon,Robinson,jenniferhorn@example.net
60,Ann,Miller,rdaniel@example.com
61,Timothy,Martinez,ronaldalvarez@example.org
62,Jason,Allen,ualvarado@example.com
63,Michelle,Fitzgerald,morganbrett@example.org
64,Lori,Mckay,msims@example.net
65,Jonathan,Chen,bcastaneda@example.org
66,David,Alexander,carpentersherry@example.net
67,Adam,Morris,michellebarton@example.net
68,Jeffrey,Brown,moorejulie@example.org
69,Richard,Jones,cooperdonna@example.com
70,Robert,Montgomery,mckinneymichael@example.com
71,Greg,Garcia,laurenwilson@example.org
72,Randy,Anthony,duffytimothy@example.com
73,Shannon,Calhoun,tinamorton@example.net
74,Timothy,Walsh,jane87@example.org
75,Kimberly,Mcconnell,jermainearroyo@example.org
76,Laura,Grant,christopher84@example.com
77,Spencer,Rowe,sandovalsarah@example.com
78,Matthew,Parker,hhernandez@example.com
79,Calvin,Owens,tyoung@example.net
80,Logan,Becker,pittmanthomas@example.com
81,Jonathan,Foster,kaylahall@example.org
82,Ashlee,Griffith,uchapman@example.net
83,Joy,Roman,gonzalestiffany@example.net
84,Molly,Ballard,robert54@example.org
85,Karen,Kennedy,ronald78@example.net
86,Rachel,Ayers,michaelhernandez@example.com
87,Willie,Farley,joshuabarber@example.org
88,Carolyn,Dodson,powellmatthew@example.org
89,David,Rodriguez,crystal41@example.net
90,James,Mathis,jmoore@example.com
91,Tiffany,Salas,cristianpennington@example.net
92,Timothy,Nolan,teresa76@example.org
93,Craig,Powers,brownkimberly@example.com
94,Alexander,Edwards,ejones@example.com
95,Shannon,Kelly,cjennings@example.com
96,Stephen,Doyle,mrodriguez@example.com
97,Tara,Anderson,olee@example.com
98,Sara,Cook,msmith@example.com
99,Julie,Gibson,erika26@example.org
100,Charles,Cook,joe73@example.net
101,Gregory,Evans,daniel19@example.net
102,Matthew,Vaughan,johnsonandrew@example.net
103,Robert,Harris,perryashley@example.org
104,Noah,Ross,utorres@example.com
105,Angela,Johnson,barrettsteven@example.com
106,Angela,Baker,wurachel@example.org
107,Kimberly,Nelson,robert50@example.net
108,Kyle,Lewis,abbottjulie@example.com
109,Susan,Manning,omullen@example.org
110,Jean,Caldwell,owhite@example.org
111,Amber,Bradford,dgriffin@example.com
112,Michael,Mitchell,lori53@example.net
113,Robert,Harris,tware@example.net
114,Alyssa,Ortiz,abird@example.org
115,Michelle,Cruz,ubell@example.net
116,Janice,Boyd,taylorbrad@example.com
117,Ryan,Middleton,kgallegos@example.org
118,Donald,Cunningham,hector62@example.com
119,Joel,Stevenson,echandler@example.com
120,Gabriel,Jacobs,coxdavid@example.com
121,Donald,Mahoney,garciakristine@example.com
122,Amy,Davis,jon00@example.com
123,Casey,Reyes,amandajohnson@example.org
124,Joe,Welch,mckinneywendy@example.net
125,Anne,Watts,elizabeth17@example.com
126,Elizabeth,Carroll,awallace@example.net
127,Elizabeth,Harvey,acevedokyle@example.com
128,Janet,Martin,qhernandez@example.net
129,Jeffrey,Patrick,holtnorman@example.net
130,Heather,Fry,chapmanangelica@example.org
131,Jennifer,Robinson,patricialewis@example.com
132,Allen,Campbell,vwagner@example.com
133,Robert,Weber,smithjorge@example.net
134,Lauren,Mccullough,sjackson@example.org
135,Tiffany,Bush,brookeparker@example.org
136,Crystal,Johnson,juliemitchell@example.com
137,Robert,Franco,cameron72@example.com
138,Joshua,Rojas,kellyramirez@example.com
139,Faith,Kramer,davissherri@example.net
140,Mark,Clark,jefferybenjamin@example.net
141,Samantha,Smith,jeffreyschneider@example.org
142,Mathew,Monroe,herrerarobert@example.com
143,Kimberly,Sanford,stacey91@example.com
144,Michael,Hunter,daviesvalerie@example.net
145,Kelsey,Adams,ramirezdavid@example.org
146,Ann,Smith,pgreen@example.net
147,Garrett,Oliver,matthew79@example.net
148,Andrew,Sanchez,pwelch@example.org
149,Stephanie,Rivera,mejiaerin@example.com
150,Scott,Ward,angelaharris@example.org
151,Samuel,Bullock,georgeburns@example.net
152,Stephanie,Jefferson,udavis@example.net
153,Jessica,Powell,jbailey@example.com
154,Joseph,Taylor,christopher54@example.net
155,Frederick,Olsen,christopherlewis@example.com
156,Margaret,Leonard,david47@example.net
157,Robert,Greene,theresa61@example.com
158,Blake,Lin,bennettpaula@example.com
159,Jeffrey,Myers,tylerbeard@example.org
160,Christina,Floyd,davidyoung@example.com
161,Jessica,Daniels,ritagray@example.org
162,Laura,Watts,tara49@example.net
163,Brian,Morales,bmiller@example.org
164,Anthony,Ruiz,michelelee@example.org
165,Mary,Taylor,thomas18@example.org
166,Tanner,Zamora,fday@example.net
167,Samuel,Boyd,danny06@example.com
168,Tyler,Sampson,byrdchristopher@example.org
169,Victoria,Klein,mark49@example.com
170,Chloe,Peterson,manuelbowen@example.com
171,Paula,Mcclain,stevenmyers@example.net
172,Paula,Norman,meghan27@example.org
173,Carolyn,Cameron,mortoncatherine@example.com
174,Amber,Ochoa,mariabryant@example.com
175,Cynthia,Taylor,courtneyallen@example.net
176,Rebecca,Harrison,hmurray@example.com
177,Brandy,Evans,sergio72@example.org
178,Joseph,Garcia,brett76@example.net
179,Lisa,Hayes,donald80@example.org
180,Jonathan,Ho,kennethcarr@example.org
181,Stefanie,Miller,haleystokes@example.net
182,Jacqueline,Larson,browncasey@example.org
183,Crystal,Gomez,tonihopkins@example.org
184,Toni,Smith,dwayneedwards@example.com
185,Melissa,Cook,michael33@example.org
186,Renee,Diaz,dwilson@example.org
187,Jeremy,Wong,lisa79@example.net
188,Grace,Clark,jillmartin@example.org
189,Mark,Walsh,kyle65@example.com
190,Daniel,Flores,owentara@example.com
191,James,Parker,taylorbeth@example.net
192,John,Guerra,pnorris@example.org
193,Jacob,Hobbs,jasonriley@example.net
194,Jeffrey,Brooks,grossdylan@example.org
195,Alexandra,Harrington,ronaldday@example.org
196,Samantha,Gardner,currycharles@example.com
197,David,Torres,fullersteven@example.net
198,Luis,Owens,harrisoncourtney@example.com
199,Mary,Casey,sjohnson@example.net
200,Kimberly,Clark,alexnavarro@example.org
201,Austin,Leonard,bradleyruiz@example.com
202,Richard,Spencer,derek95@example.net
203,Brenda,Fields,cmarshall@example.com
204,Sarah,Hunt,stevelopez@example.net
205,Roger,Lawrence,christopherochoa@example.org
206,Dylan,Mendoza,lauren33@example.com
207,Lisa,Long,osexton@example.com
208,Victor,Ramos,williamsonkristin@example.net
209,Patricia,Smith,zmann@example.com
210,Tiffany,Ross,adamarnold@example.com
211,Nicole,Wright,normanaustin@example.net
212,Justin,Fisher,christopher42@example.com
213,William,Coleman,shawcarrie@example.org
214,Shannon,Winters,amyers@example.com
215,Charles,Gentry,charles68@example.org
216,Robert,Russo,hallen@example.com
217,Joseph,Moody,daniel77@example.com
218,Jessica,Hartman,casekathy@example.com
219,Mary,Sanders,stephaniebutler@example.net
220,Ricky,Osborn,zbrown@example.org
221,Dawn,Hill,geraldmartin@example.com
222,Marie,Lambert,armstrongjeanne@example.net
223,Rodney,Harris,miguel88@example.net
224,Ariana,Parker,sheltonsally@example.net
225,Richard,Griffin,johnwashington@example.com
226,Joel,Rogers,pmartinez@example.net
227,Wesley,Allen,lopezsarah@example.com
228,Pamela,Roberts,qwalker@example.com
229,Darren,Gonzales,hnelson@example.net
230,Bryan,Turner,michael73@example.org
231,Barbara,Hampton,debbie39@example.org
232,Brian,Nguyen,nancy72@example.com
233,Ashley,Williams,melaniegraham@example.org
234,Zachary,Martin,samantha06@example.com
235,Alex,Cross,michael77@example.org
236,Joan,Martin,crystalrodriguez@example.net
237,Ashley,Benson,christinasmith@example.com
238,David,Mitchell,jean21@example.com
239,Ryan,Huang,vjohnson@example.org
240,Nicole,Jenkins,apace@example.org
241,Brian,Colon,andrew60@example.com
242,Chris,Adkins,autumnbrown@example.org
243,Blake,Jordan,longallison@example.net
244,Matthew,Park,kimberly56@example.net
245,Kevin,Smith,edgarwilson@example.com
246,Linda,Harris,paulmartinez@example.net
247,Theresa,Martin,johnchambers@example.com
248,James,Adkins,nramos@example.org
249,Cheryl,Marshall,maureenbeck@example.com
250,Matthew,Le,charles66@example.net
251,Joseph,Steele,christine37@example.com
252,Raymond,Flores,melissa97@example.net
253,Blake,Dunn,christiegarcia@example.com
254,Justin,Nelson,smithcassandra@example.org
255,Zachary,Boyer,kathryn06@example.net
256,Roger,Curtis,ingramthomas@example.org
257,Nicolas,Morales,doylechristopher@example.org
258,Luis,Spencer,parkeradam@example.net
259,Lindsay,Cox,williamsdenise@example.org
260,Adriana,Powell,dana15@example.org
261,Tracy,Payne,bryan87@example.org
262,Emily,Buchanan,bpatterson@example.com
263,Brett,Holmes,ianholder@example.com
264,Jason,White,cookeandrew@example.org
265,Melvin,Patrick,tony15@example.net
266,Suzanne,Hill,belinda88@example.com
267,Christina,Woods,ireese@example.net
268,Michelle,Morgan,ryanstewart@example.net
269,Jessica,Moore,steveharris@example.org
270,Shannon,Scott,boydterry@example.org
271,Kimberly,Johnson,wilsonalexander@example.org
272,Laura,Fletcher,martinezjason@example.net
273,Jessica,Baker,hshaffer@example.org
274,Scott,Graham,lcraig@example.net
275,Jasmine,Jensen,jennifermoran@example.org
276,Rickey,Lawson,davidbarnes@example.org
277,Thomas,Massey,daniel68@example.net
278,Caleb,Lopez,julie21@example.com
279,Lisa,Rice,efoley@example.net
280,Monique,Anderson,wferguson@example.net
281,Denise,Schultz,mharper@example.net
282,Evelyn,Williams,fgarcia@example.net
283,Samuel,Robinson,brenda00@example.org
284,Stephanie,Collins,david28@example.org
285,Paige,Washington,curtisduncan@example.net
286,Richard,Miller,zhess@example.net
287,Cindy,Hill,deborah43@example.com
288,David,Gates,steven81@example.com
289,Paula,Holland,tstephens@example.org
290,Dawn,Yoder,solisjennifer@example.org
291,Chad,Moran,copelandtammy@example.net
292,Ruben,Rodriguez,simpsonjoshua@example.com
293,Sierra,Mcguire,oweneric@example.net
294,Michele,Shepherd,myersrobert@example.org
295,Alan,Ruiz,pturner@example.org
296,Nicole,Parker,greenerichard@example.com
297,Cheryl,Beck,wendyroberts@example.org
298,Sara,Gonzalez,angela48@example.org
299,Kristin,Chang,blairjacob@example.net
300,Steven,Hale,jacksonjames@example.org
301,Franklin,Marquez,christinescott@example.org
302,Alexa,Smith,brownalexis@example.org
303,Marvin,Calderon,johnnoble@example.net
304,Raymond,Cooper,michaelmartin@example.net
305,Ray,Lopez,normajackson@example.org
306,Christopher,Richards,kristin97@example.com
307,James,Kelly,martinezcrystal@example.net
308,Lindsey,Thompson,justin20@example.net
309,Willie,Rice,bakershannon@example.org
310,Francis,Porter,richard99@example.net
311,Deborah,Jacobs,jasonsmith@example.net
312,Daniel,Cohen,chapmanwilliam@example.net
313,Matthew,Perez,michael96@example.com
314,Mark,Sawyer,mirandahayes@example.net
315,Maria,Gardner,whitney19@example.com
316,Jacob,Smith,tali@example.org
317,William,Hayes,melissa83@example.com
318,Alex,Steele,mary13@example.com
319,Susan,Hayden,youngmichael@example.com
320,David,Schaefer,johnwall@example.com
321,Michelle,Buckley,maria68@example.org
322,Angela,Chandler,wendy59@example.net
323,John,Sims,ariana87@example.net
324,Amber,Gray,halljoseph@example.org
325,Anne,Gross,kimgerald@example.com
326,Sophia,Cervantes,doris34@example.com
327,Nicole,Stevens,santiagorebecca@example.org
328,Stephen,Jordan,williamcaldwell@example.org
329,Jesus,Ward,jacquelineramirez@example.org
330,Wayne,Hudson,traceyashley@example.com
331,David,Jordan,robert60@example.net
332,Justin,Harvey,qarnold@example.org
333,Kristin,Ruiz,bellheather@example.com
334,Jeffrey,King,wmurphy@example.com
335,Matthew,Wagner,allendaniel@example.org
336,Daniel,Norman,careyjennifer@example.net
337,Jessica,Smith,rodriguezjustin@example.com
338,Stephen,Peterson,madisongreen@example.com
339,Christine,Mckay,josephgallegos@example.org
340,Troy,Hernandez,orodriguez@example.com
341,Patricia,Whitaker,williamsthomas@example.com
342,Cassandra,Jackson,cbell@example.com
343,Gregory,Allen,santiagojasmine@example.com
344,Kenneth,Moreno,gbarry@example.org
345,Meredith,Taylor,adam52@example.org
346,Andrew,West,rhondaross@example.com
347,Kristin,Williamson,zbradley@example.org
348,Shannon,Brewer,michaelhoffman@example.net
349,Bradley,Gould,donaldbowers@example.net
350,Stephen,Bradshaw,mccormickjohn@example.com
351,James,Bolton,colleensweeney@example.com
352,Katherine,Lopez,catherineduncan@example.org
353,Angela,Castillo,christopherreyes@example.net
354,Suzanne,Smith,yprice@example.com
355,Thomas,Taylor,ruthlindsey@example.org
356,Christopher,Johnson,vfitzgerald@example.com
357,Daniel,Boyle,kayladouglas@example.com
358,Collin,Wilson,burnsjesse@example.net
359,Kristopher,Lawrence,leechristy@example.com
360,Michael,Johnson,curryeric@example.com
361,Kristin,Hall,fwood@example.net
362,Susan,Scott,xbowers@example.org
363,Jennifer,Evans,james33@example.com
364,Paul,Kane,whitneystephanie@example.org
365,William,Jackson,nicholasmartinez@example.com
366,Alex,Bridges,danielle53@example.net
367,Gary,Perry,ericahanna@example.org
368,Lisa,Phelps,josephhernandez@example.net
369,Kiara,Mack,salazartami@example.net
370,Christopher,Lopez,jasminedouglas@example.com
371,Luke,Burgess,christophermaldonado@example.com
372,Luis,Adams,rbrown@example.net
373,Susan,Jensen,richard19@example.org
374,Harold,Young,hnelson@example.com
375,Maurice,Smith,ashley83@example.org
376,Jessica,Wilkinson,dorseybrian@example.net
377,Joann,Hughes,tiffany85@example.net
378,Alison,Jones,daniellehernandez@example.com
379,Dawn,Bridges,heatherlarson@example.net
380,Heather,Sanders,louisross@example.com
381,Joshua,Hernandez,tchristensen@example.net
382,Brian,Morgan,stewartlee@example.net
383,Patrick,Garcia,danielleharris@example.org
384,Kathy,Hernandez,johnhenderson@example.net
385,Caleb,Daniels,jesus27@example.com
386,Jessica,Lee,xhull@example.com
387,Amy,Stone,marydavis@example.com
388,Elizabeth,Phillips,xandrews@example.com
389,Tanya,Mckay,tcampbell@example.com
390,Sylvia,Weber,qbrown@example.net
391,Melanie,Ingram,amy73@example.net
392,Kyle,Diaz,srubio@example.net
393,Melissa,Ellis,sscott@example.org
394,Paul,Smith,idavis@example.net
395,Megan,Sparks,dwallace@example.net
396,Justin,Cole,noahharper@example.org
397,Jeffrey,Weber,halvarado@example.org
398,Patrick,Martinez,ukelley@example.com
399,James,Whitehead,donaldtaylor@example.com
400,Andrew,Cervantes,mary06@example.org
401,Kristen,Cook,josesmith@example.org
402,Gregory,Shaffer,pamela14@example.net
403,Rachel,Johnson,stephensdaniel@example.org
404,Heather,Jackson,rjenkins@example.com
405,Amanda,Allen,kerry33@example.net
406,Sheena,Ramos,brendalevy@example.org
407,Courtney,Howard,thomasmichelle@example.net
408,Heather,Ibarra,smithsandra@example.net
409,Megan,Day,rodriguezdouglas@example.org
410,Joshua,Villarreal,stephaniesmith@example.com
411,Travis,Patel,lisa48@example.com
412,Samantha,Sexton,paul99@example.net
413,David,Mendez,david13@example.com
414,Robert,Page,kimchristina@example.net
415,David,Gray,erin44@example.net
416,Ana,Franklin,danielhartman@example.org
417,Robin,Johnson,xmcpherson@example.org
418,Donald,Cooley,michaeldavis@example.com
419,Kylie,Jackson,josephkennedy@example.org
420,Kimberly,Davis,wrightkevin@example.org
421,Cody,Hamilton,edwardnichols@example.org
422,Justin,Grant,dennisbrown@example.net
423,Jessica,Nguyen,shelley13@example.com
424,Jessica,Campbell,michaelfields@example.com
425,Ashley,Nguyen,kristenlivingston@example.com
426,Gregory,Hunter,wendy43@example.com
427,Alicia,Hubbard,russellricky@example.com
428,Samantha,Jenkins,reginald05@example.org
429,Evelyn,Woods,gina95@example.org
430,Kristina,Thompson,tasha41@example.org
431,Jonathan,Hall,rasmussendaniel@example.net
432,Nicole,Andrews,bellsally@example.net
433,Melinda,Thomas,mark94@example.org
434,Krystal,Campbell,bautistalisa@example.org
435,Allison,Watson,bethcarter@example.org
436,Dakota,Gutierrez,alisonramirez@example.com
437,Mitchell,Smith,pryan@example.org
438,Andre,Murphy,mcdonaldmichael@example.com
439,Tina,Moreno,rmartinez@example.com
440,Tamara,Chung,wayne26@example.com
441,Arthur,Jones,nelsonroger@example.com
442,Christina,Allen,elarson@example.com
443,Michael,Dillon,jesusmyers@example.net
444,Erin,Norman,tking@example.org
445,Donna,Mitchell,yvonnehale@example.org
446,Craig,Whitaker,leslie83@example.net
447,Stephanie,Hughes,tbrewer@example.com
448,Dana,Moon,stevenmeadows@example.org
449,Daniel,Taylor,amy84@example.org
450,Jessica,Dudley,michael84@example.net
451,David,Daniel,philip46@example.net
452,Catherine,Ponce,ian80@example.org
453,Brandon,Summers,ranthony@example.org
454,Lisa,Williams,phillipsrenee@example.org
455,Taylor,Brown,lisa18@example.com
456,Bradley,Burns,kayleeduarte@example.com
457,Laura,Thompson,tammywagner@example.com
458,Cheryl,Meyer,debramoreno@example.net
459,Christopher,Arnold,hopkinskim@example.org
460,Angela,Armstrong,blackmatthew@example.org
461,Sara,Cooper,benjaminstanton@example.net
462,Monica,Walker,pachecodonald@example.net
463,April,Mays,tracy30@example.net
464,Joshua,Hoover,mrobertson@example.org
465,Lonnie,Rice,patriciarios@example.com
466,Erika,Joyce,butlerstacey@example.com
467,Evelyn,Booth,beananthony@example.org
468,Ashley,Ritter,cfuller@example.org
469,Gary,Woodward,williamsstephanie@example.net
470,Elizabeth,Santiago,slawrence@example.net
471,Andre,Bowers,austin23@example.org
472,Janice,Johnson,tgonzalez@example.net
473,Jennifer,Wallace,dianahensley@example.org
474,Pamela,Garrett,stephaniegill@example.org
475,Matthew,Collins,jgarcia@example.org
476,Cheryl,Ruiz,gillcrystal@example.com
477,Monica,Williams,marklevy@example.net
478,Tracy,Daugherty,bergeralexander@example.net
479,Jason,Hernandez,laradavid@example.com
480,Emily,Combs,jamiereyes@example.net
481,Abigail,Jimenez,elizabethortiz@example.org
482,Kelly,Sanchez,debra52@example.org
483,Jasmine,Young,andradealexandra@example.net
484,Jerry,Rosario,solisjames@example.com
485,Mitchell,Massey,davidbaker@example.org
486,Michele,Barnett,hstein@example.org
487,Gregory,Oliver,bensonleslie@example.net
488,Michael,Sanchez,russellwhite@example.org
489,Christopher,Fuller,williamsalbert@example.org
490,John,Hernandez,jeremycraig@example.org
491,Laurie,Rodriguez,cwilson@example.com
492,Jose,Burke,jesse08@example.org
493,Sarah,Cortez,thomasamy@example.net
494,Christine,Nelson,jacobscarlos@example.net
495,Nicole,Montgomery,williamsmatthew@example.org
496,James,Macias,kingmelinda@example.com
497,Craig,Smith,joshua03@example.org
498,Emily,Stevens,stephanie29@example.net
499,Tracy,Cross,allisonvillarreal@example.org
500,Craig,Jimenez,martinderek@example.org
501,Brian,Bean,kristina40@example.net
502,Melinda,Davis,qallen@example.org
503,Jeffrey,Cruz,kimberly23@example.net
504,Nicole,King,fnewman@example.com
505,Jeffrey,Sullivan,garciadavid@example.org
506,Lynn,Matthews,dorothy83@example.com
507,Hannah,Smith,linda77@example.org
508,Joann,Newman,jharrison@example.com
509,Amanda,Bryant,jsanchez@example.net
510,Andrew,Wade,gmitchell@example.com
511,Ashley,Harris,yatesbrandon@example.net
512,John,Roberts,richardsashley@example.net
513,James,Coleman,vasquezcatherine@example.net
514,Jordan,Harrison,jasonallison@example.org
515,Jason,King,connielopez@example.com
516,Debra,Wheeler,murphyashley@example.net
517,Johnny,Miller,ojones@example.net
518,Alexis,Taylor,matthew30@example.com
519,Sarah,Curtis,daltonbrenda@example.net
520,Bonnie,Lawrence,johnlee@example.net
521,Annette,Williams,misty57@example.org
522,Christopher,Walker,alewis@example.com
523,Rebecca,Gilmore,nmiller@example.net
524,Anthony,Fox,ihogan@example.com
525,Deanna,Sanchez,andrew29@example.net
526,Daniel,Campbell,cynthiarichards@example.net
527,Donald,Rogers,eric61@example.org
528,Kaylee,Manning,villegasdiana@example.net
529,Ethan,Harper,azimmerman@example.com
530,Elizabeth,Cruz,pandrews@example.org
531,Nicole,Johnson,pjones@example.com
532,Jody,Anderson,wadams@example.net
533,Andrew,West,lisa85@example.org
534,Andrea,Carter,robertsonlisa@example.com
535,Courtney,Myers,april51@example.com
536,Kimberly,Anderson,sryan@example.net
537,Michelle,Dean,ngonzalez@example.com
538,Mark,Craig,kmyers@example.com
539,Sheri,Fisher,vmartin@example.org
540,Judy,Anderson,megangarcia@example.org
541,Colleen,Pratt,dianaherrera@example.net
542,Joel,Fisher,edwardroy@example.com
543,Yolanda,Jackson,erikbernard@example.com
544,Jeffrey,Stewart,sharonwinters@example.com
545,Sheena,Sosa,paul47@example.com
546,Philip,Herrera,richardtaylor@example.net
547,Jennifer,Roberts,wturner@example.org
548,Mark,Willis,mjuarez@example.com
549,Melanie,Clark,rivasdavid@example.org
550,Kayla,Hernandez,bookertommy@example.com
551,Nicholas,Dougherty,wsanchez@example.net
552,Larry,Williams,jenniferyoung@example.net
553,Erin,Dennis,savagejoann@example.com
554,John,Shields,williamsthomas@example.net
555,Amy,Stone,jessica76@example.org
556,Preston,Adams,dingram@example.com
557,Kimberly,Delgado,laurenbautista@example.com
558,Marvin,Arias,johnrubio@example.org
559,Kelly,Carroll,calebstrickland@example.com
560,Richard,Smith,ricardoleonard@example.net
561,Shelby,Wagner,victoria15@example.org
562,Robert,Higgins,williamsdorothy@example.org
563,Christopher,Edwards,hjames@example.net
564,Kimberly,Gomez,stonejason@example.com
565,Olivia,Young,brandon43@example.com
566,Meredith,Stuart,zkrause@example.net
567,Tina,Houston,qdalton@example.net
568,Beth,White,melissa56@example.org
569,Nathan,Washington,thompsonsandra@example.com
570,John,Douglas,ijones@example.com
571,David,Mckee,micheleneal@example.net
572,Anna,Hernandez,zamorastephanie@example.org
573,Sara,Bender,mcbrideryan@example.net
574,Robert,Henderson,chelseabrown@example.net
575,Kenneth,Meyer,xsullivan@example.org
576,Sharon,Reynolds,kenneth55@example.net
577,Sara,Wilson,beverlydominguez@example.net
578,Charlotte,Jones,tylermcintyre@example.net
579,Cheyenne,Davis,william45@example.org
580,Danielle,Chang,curtis31@example.com
581,Amanda,Cole,vcooper@example.com
582,Samantha,Ferguson,mark58@example.com
583,Alex,Torres,johnny37@example.org
584,John,Reyes,kelly52@example.com
585,Tyler,Williams,gbrown@example.org
586,Mary,Alexander,angel68@example.net
587,Brianna,Torres,dayjonathan@example.net
588,Robin,Wiley,brittany41@example.org
589,Kayla,White,tturner@example.org
590,Shane,Mendoza,mooredevon@example.com
591,Brian,Irwin,jorgesmith@example.net
592,Dustin,Greene,rjohnson@example.net
593,Theresa,Chase,bishopjason@example.com
594,Melissa,Benjamin,debracooper@example.org
595,John,Thompson,aguzman@example.net
596,Kenneth,King,christina27@example.org
597,Christine,Porter,racheljackson@example.net
598,David,Prince,larryanderson@example.org
599,Chelsea,Phillips,alexandersmith@example.com
600,Oscar,Jones,aroberts@example.org
601,Kelli,Horton,stevedavis@example.org
602,Caroline,Duncan,fdavis@example.com
603,Linda,Smith,contrerasdonna@example.org
604,James,Solomon,jamiealvarez@example.com
605,Mary,Dean,chris79@example.net
606,Desiree,Lyons,moorekatherine@example.org
607,David,Oconnor,elopez@example.net
608,Seth,Kelly,christinawilson@example.net
609,Melissa,Hunter,johnwelch@example.com
610,John,Rogers,ksharp@example.net
611,Krista,Watkins,andersontiffany@example.org
612,Stephanie,Joseph,smithmelissa@example.net
613,Cory,Wilson,colleen66@example.net
614,Billy,Riddle,aharper@example.net
615,Michael,Shields,morganmiller@example.net
616,Levi,Green,fowlercody@example.net
617,William,Thompson,camerontimothy@example.org
618,Austin,Miller,craigadam@example.org
619,Alex,Hart,roachanthony@example.org
620,Megan,Montes,coxwanda@example.net
621,Michael,Rodriguez,brewermakayla@example.net
622,Carmen,Robinson,williamhale@example.com
623,Stephen,Bruce,williamsloretta@example.com
624,Mark,Hernandez,briannahughes@example.net
625,Jessica,Allen,sbrown@example.com
626,Brent,Sosa,barbercarolyn@example.org
627,Brianna,Smith,pjohnson@example.net
628,Kristy,Harvey,kelly57@example.net
629,Felicia,Quinn,tyronevaughn@example.net
630,Richard,Keith,ledwards@example.com
631,Katie,Castillo,tbrown@example.com
632,Alec,Acosta,xsmith@example.com
633,Lawrence,Rose,qmontes@example.com
634,Sheila,Johnson,wlee@example.com
635,David,Wagner,mleblanc@example.net
636,Tina,Reid,jjohnson@example.net
637,Jodi,Delacruz,christopherbarnes@example.org
638,Andrew,Smith,paige98@example.org
639,Linda,Peck,wwright@example.com
640,Michael,Faulkner,kanemorgan@example.com
641,Michael,Newman,wburns@example.org
642,Michele,Charles,bradshawbarbara@example.net
643,Kevin,Shepherd,daniellemunoz@example.net
644,Jason,Wong,dschmidt@example.net
645,Heather,Cole,hardybrooke@example.org
646,Nancy,Gonzales,ptapia@example.net
647,Christopher,Long,vaustin@example.com
648,Gabriel,Reyes,nichole30@example.org
649,Joseph,White,lopezmeredith@example.com
650,Paul,Spears,williampratt@example.com
651,Melissa,Wright,ybrown@example.net
652,Jack,Ramirez,njames@example.com
653,April,Pacheco,james51@example.net
654,Kimberly,Peterson,kentbrown@example.net
655,Paul,Sanders,suzannecruz@example.com
656,Mary,Turner,nicholsonmargaret@example.com
657,Gary,Mcbride,davidzimmerman@example.com
658,Carla,Bell,levinerobert@example.org
659,Madison,Willis,benjamincastillo@example.com
660,Renee,Williams,robertmarshall@example.org
661,Barry,Randall,scott42@example.com
662,David,Brown,morgan52@example.com
663,Timothy,Fernandez,robertsonthomas@example.net
664,Carlos,Morgan,jwright@example.net
665,Christopher,Allen,joannknight@example.org
666,Amanda,James,tuckerwilliam@example.net
667,Anthony,Cruz,baileykimberly@example.com
668,Keith,Adams,charlene43@example.net
669,Tonya,Martinez,asanchez@example.com
670,Philip,Smith,jessica55@example.org
671,Kevin,Harvey,kward@example.org
672,Manuel,Rodriguez,bryan27@example.net
673,Kimberly,Reynolds,llawrence@example.com
674,Ashley,Reyes,hcrane@example.net
675,Abigail,Wagner,rebeccaturner@example.org
676,Ricky,Morgan,coreypeck@example.com
677,Jeffrey,Aguilar,lcarpenter@example.org
678,Dawn,Price,qheath@example.com
679,Kelly,Powell,vasquezmatthew@example.net
680,Brianna,Kemp,timothycollins@example.org
681,Steven,Johnston,rebekahparks@example.net
682,Nicholas,Pitts,denisecoffey@example.net
683,James,Thompson,ahurst@example.com
684,Brandon,Henry,gdelgado@example.org
685,Jasmine,Kim,gregory44@example.org
686,Chad,Hernandez,sarahunter@example.net
687,Angela,Gates,robertaherring@example.com
688,Jacqueline,Landry,tcervantes@example.net
689,Katie,Sandoval,ricardosmith@example.net
690,Courtney,Fisher,sgray@example.org
691,Daniel,Price,jared95@example.com
692,Mark,Kelley,samanthareeves@example.org
693,Samantha,Blake,eric61@example.org
694,Matthew,Burnett,johnsexton@example.org
695,Jason,Miller,sherrymarks@example.net
696,Donald,Stewart,imoore@example.com
697,Tammy,Jenkins,wayne14@example.com
698,Matthew,Russell,freemanchristopher@example.org
699,Edward,Martin,priscillachavez@example.com
700,Jennifer,Tate,adrianjenkins@example.net
701,Rachel,Lawson,melissabriggs@example.org
702,Erin,Allen,tatemichael@example.org
703,Gregory,Erickson,molinamatthew@example.com
704,Amanda,Rodriguez,leonvincent@example.com
705,Tracy,Sanchez,karen61@example.org
706,Jennifer,Erickson,mary05@example.net
707,Madison,Russell,hmatthews@example.org
708,Nancy,Rowland,olee@example.com
709,Jesse,Proctor,peter52@example.com
710,Leslie,Carpenter,parkermary@example.com
711,Gloria,Mills,emilytodd@example.org
712,John,Allen,felicia62@example.org
713,Kimberly,Miller,williamsrobin@example.org
714,Kyle,Harrison,laurenpalmer@example.org
715,Gabrielle,Shepherd,curtismaldonado@example.org
716,Sheila,Thomas,rita27@example.org
717,Wendy,Griffin,cooktracy@example.org
718,Anthony,Green,shane79@example.com
719,Monica,Reed,jromero@example.org
720,Molly,Ross,michelledickson@example.net
721,Kathleen,Smith,phillipschristopher@example.com
722,William,Lee,derekmoody@example.org
723,Samantha,Thompson,cynthiawhite@example.net
724,John,Bailey,leechristopher@example.net
725,David,Cabrera,samanthaporter@example.net
726,Ashlee,Gutierrez,cweaver@example.net
727,Manuel,Smith,johnsonjennifer@example.org
728,George,Silva,collinsjoshua@example.com
729,Karen,Roberts,david70@example.com
730,Rita,Chandler,charles72@example.com
731,Aaron,Schultz,tina85@example.com
732,Christian,Lucas,samuelhawkins@example.org
733,Stephen,Aguirre,jonesrobert@example.com
734,Tyler,Anderson,carlos54@example.org
735,Andrea,Cruz,lmiles@example.org
736,Alyssa,Cummings,arellanovictoria@example.org
737,Jessica,Johnson,timothy86@example.net
738,Angela,Davidson,xhoward@example.net
739,Jennifer,Jackson,ljoseph@example.org
740,Fernando,Castro,jonesdavid@example.org
741,Denise,Brown,xsmith@example.net
742,Melissa,Knapp,robinsonsuzanne@example.net
743,Rick,Duran,soconnell@example.com
744,Seth,Murphy,roy81@example.com
745,Megan,Hebert,erica47@example.com
746,Robert,Mckenzie,danielle60@example.org
747,Joseph,Clayton,maryhill@example.com
748,Vanessa,Hamilton,meganward@example.org
749,Martin,Peters,victoria59@example.org
750,James,Reed,janet83@example.net
751,David,Weaver,lucasbarbara@example.org
752,James,Hooper,jesus71@example.org
753,Deanna,Brennan,samuel93@example.org
754,Diane,Miller,kanderson@example.org
755,Jessica,Mitchell,dwatkins@example.org
756,Cassidy,Clements,gilbertkaren@example.com
757,Adrian,Merritt,michelle91@example.com
758,Valerie,Bradley,trevorramirez@example.org
759,Charles,Zimmerman,emilyshah@example.net
760,Jason,Fischer,zmedina@example.net
761,Ronald,Willis,joshuachurch@example.net
762,Mary,Byrd,stephanielopez@example.com
763,Dalton,Lewis,jonestara@example.net
764,Rhonda,Gutierrez,pmills@example.net
765,Stephen,Strickland,michellehansen@example.net
766,Donna,Werner,cynthiaking@example.org
767,Ann,Hendricks,albert18@example.org
768,Anthony,Brown,kylejohnson@example.org
769,Harry,Gomez,anthonyshaw@example.com
770,Isaac,Thomas,hodgejaclyn@example.net
771,Karen,Cole,zimmermanshelly@example.com
772,Cheryl,Arnold,aalvarez@example.org
773,Robert,Martinez,sandrawilliams@example.com
774,Jessica,Cuevas,grant39@example.org
775,Michael,Williams,stephanieross@example.net
776,Charles,Gibbs,cody99@example.net
777,Sarah,Garza,bmiller@example.com
778,Tom,Johnson,megan21@example.com
779,Tristan,Armstrong,stephaniejackson@example.org
780,Jennifer,Barrett,ywatts@example.org
781,Lauren,Barnett,robert39@example.net
782,Jeremy,Jones,lbrown@example.com
783,Cody,Bowman,pamela75@example.net
784,Christopher,Garcia,melissareese@example.net
785,Nancy,Leach,hcarter@example.org
786,Timothy,Dennis,amberoneal@example.com
787,Joseph,Gaines,obrieneric@example.net
788,Stephen,Yang,walkerbetty@example.com
789,Amanda,Kennedy,rogersdanielle@example.net
790,Ivan,Downs,kristensanford@example.net
791,Hayden,Goodman,brianlawson@example.org
792,James,Wilson,davidsloan@example.net
793,Thomas,Alexander,christopherpreston@example.com
794,Danielle,Chapman,clinecynthia@example.org
795,Kenneth,Parker,gardnerlisa@example.org
796,Hannah,Hughes,jessicali@example.com
797,Brianna,Wood,halexander@example.net
798,Hannah,Taylor,aadams@example.com
799,Robert,Ryan,pbruce@example.net
800,Christopher,Cobb,kimberlyfranklin@example.org
801,Andre,Adams,gileslarry@example.org
802,Samuel,Lewis,urice@example.com
803,Troy,Ray,valerie45@example.com
804,Richard,Jones,reyesveronica@example.org
805,William,Simpson,michaelmiller@example.net
806,Tammy,Villanueva,norrisjean@example.com
807,Derrick,Wilson,whitewilliam@example.com
808,Rachel,Reyes,mitchellpatrick@example.net
809,James,Allen,nicholasdavis@example.net
810,Jennifer,Anderson,gvaughn@example.com
811,Kevin,Hartman,thomas97@example.org
812,Theresa,Mcintosh,linvanessa@example.com
813,Emily,Young,stacy36@example.net
814,Selena,Mcclure,brittany10@example.org
815,Calvin,Bond,floydadam@example.com
816,Jessica,Williams,patricia30@example.com
817,Phillip,Stevens,holmesgilbert@example.net
818,Nathan,Barnes,uhill@example.net
819,Morgan,Jones,ryanferguson@example.net
820,Joseph,Duncan,romerokrystal@example.net
821,Courtney,Garcia,kathryn37@example.net
822,Nancy,Johnson,andreaprice@example.com
823,Austin,Morgan,myoung@example.com
824,Jessica,Schmidt,rogerselizabeth@example.com
825,Richard,Jones,morrisongregory@example.org
826,Joseph,Garcia,elizabeth07@example.com
827,Tina,Alvarez,donald14@example.org
828,Jonathon,Gross,xcontreras@example.net
829,Jo,Cox,emily48@example.org
830,Tracey,Mack,hrusso@example.com
831,Darrell,Fox,doris22@example.net
832,Frederick,Espinoza,rogerschristy@example.net
833,Frank,Bell,lindakerr@example.com
834,Jimmy,Crosby,wshah@example.com
835,Angela,Sharp,alicia61@example.net
836,Jeremy,Brock,clopez@example.com
837,Kathryn,Brooks,trevor96@example.com
838,Marissa,King,dennis61@example.net
839,Donald,Rivera,jenkinssamantha@example.com
840,Elizabeth,Vazquez,vjenkins@example.net
841,Carl,Hancock,vthompson@example.com
842,Geoffrey,Petersen,thorntonjames@example.com
843,Michael,Hines,kendra06@example.org
844,Jay,Ruiz,jimmyburns@example.net
845,Carl,Fields,vanessa31@example.net
846,Joshua,Jennings,douglasjennifer@example.com
847,Samantha,Medina,joneswayne@example.net
848,Paige,Brown,mitchellerin@example.com
849,Scott,Johnson,nwilliams@example.org
850,Alex,Curry,camerongutierrez@example.com
851,Jennifer,Cox,shawn67@example.com
852,Danielle,Lee,manningjustin@example.com
853,John,Garcia,emily02@example.org
854,Todd,Adams,christinemyers@example.net
855,Linda,Roberts,vicki83@example.net
856,Matthew,Sandoval,jennifer05@example.org
857,Michael,Pineda,sholt@example.com
858,Mary,Marshall,ortizstanley@example.net
859,Hannah,Middleton,gordonclinton@example.net
860,Maria,Gray,mtaylor@example.com
861,Michelle,Barrera,mrivera@example.org
862,Nathaniel,Burke,hduffy@example.net
863,Jeremy,Pennington,hamptonfelicia@example.com
864,Yolanda,Blevins,donaldsondavid@example.com
865,Sara,Howard,lawrencecheryl@example.com
866,Diana,Jackson,kevin87@example.org
867,Ann,Hamilton,gloria69@example.com
868,Sara,Ryan,grahammelanie@example.org
869,Patrick,Walker,ksanchez@example.org
870,Brent,Knight,clarksean@example.com
871,Victor,Morris,clarkemichelle@example.org
872,Sean,Gallagher,johnsonsamuel@example.net
873,Kyle,Hardy,carla09@example.org
874,Vickie,Cuevas,nwatts@example.net
875,Corey,Boone,lucascarr@example.net
876,Benjamin,Brown,chadfriedman@example.com
877,Stacy,Ruiz,johnthomas@example.org
878,Allison,Martin,travis51@example.com
879,Christopher,Howard,coxkatherine@example.org
880,Megan,Morton,kimberlychristian@example.com
881,Thomas,Stevens,melaniewashington@example.com
882,Douglas,Robinson,rjacobson@example.org
883,Michael,Jackson,latoyamay@example.com
884,Jeremy,Thomas,nicholas63@example.com
885,Debra,Stone,bchang@example.com
886,Alicia,Campos,charlesmichael@example.org
887,Gregory,Ford,laura88@example.net
888,David,Smith,emily92@example.net
889,Katie,Melendez,teresajohnson@example.net
890,Julie,Yu,rebeccastevens@example.org
891,David,Walsh,lkelly@example.com
892,Megan,Wilson,catherine67@example.net
893,Kelly,Lutz,ryan13@example.com
894,Regina,Davis,cwyatt@example.com
895,Kenneth,Chapman,evelyn30@example.org
896,Christine,Neal,michael16@example.com
897,Pamela,Gonzales,cbarnes@example.org
898,Peter,Flores,jessica17@example.org
899,John,Parrish,bmahoney@example.net
900,Alexis,Mccarthy,belindavang@example.net
901,Robert,Anderson,psmith@example.org
902,Jessica,Hudson,jenniferjones@example.com
903,Cameron,Diaz,igardner@example.com
904,Michael,Mcmahon,bflynn@example.com
905,Robert,Williams,sheltoncourtney@example.org
906,Donna,Reynolds,bellelizabeth@example.com
907,Jade,Cross,carrie54@example.net
908,Paul,White,melanieochoa@example.com
909,Bill,Boyd,phillipsamber@example.org
910,Wendy,Mueller,heathermiller@example.com
911,Emily,Norman,christine56@example.com
912,David,Mcdonald,wongjennifer@example.net
913,Beth,Patterson,gregorymiller@example.org
914,Charles,Kim,lnelson@example.org
915,Steven,Ramos,todd16@example.org
916,Sean,King,marksaunders@example.org
917,Colleen,Jimenez,cmurray@example.org
918,Jacob,Ibarra,hoffmancathy@example.com
919,Timothy,Thompson,uhopkins@example.com
920,John,Maxwell,hharmon@example.org
921,Julia,Beck,jacob46@example.net
922,David,Jones,michaela81@example.org
923,Danielle,Williams,melissa98@example.net
924,Heather,Silva,matthew64@example.org
925,Steve,Johnston,lbradford@example.com
926,Mary,Hernandez,qhale@example.com
927,Dylan,Crawford,jackie88@example.org
928,Diana,Ortiz,youngjulie@example.net
929,Eric,Oneal,jeanne49@example.org
930,Aaron,Brown,teresa48@example.net
931,Kristine,Curtis,jcollins@example.com
932,Emily,Patel,sanchezanna@example.com
933,Kathleen,Dennis,geraldthompson@example.com
934,Zachary,Perez,jaimethompson@example.org
935,Hannah,Riggs,ssmith@example.net
936,Gerald,Avila,yjoyce@example.com
937,James,Martin,darrellphillips@example.net
938,Antonio,Matthews,timothy06@example.com
939,Daniel,Stephens,carolhughes@example.org
940,Derek,Parker,xcombs@example.org
941,Amy,Greene,mjohnson@example.com
942,Dennis,Patterson,kristinafoster@example.org
943,Frank,Gardner,troy86@example.org
944,Alex,Becker,fisherrobert@example.com
945,Danielle,Miller,joshua11@example.com
946,Joseph,Pratt,erinhoffman@example.org
947,Mariah,Garcia,twhitney@example.org
948,Raymond,Ho,russelllisa@example.net
949,Roger,Higgins,hayesjulie@example.org
950,Kerry,Vang,drivera@example.org
951,Raymond,Jones,pdavis@example.com
952,Amber,Wagner,rwilkinson@example.org
953,Suzanne,Rivera,johnsonkelly@example.com
954,Ryan,Carey,andrea34@example.net
955,April,Marquez,nwhite@example.org
956,Robert,Lindsey,qwatts@example.org
957,James,Snyder,phillipsscott@example.org
958,Erika,Dixon,marystewart@example.net
959,Oscar,Taylor,tclark@example.com
960,Jasmine,Villegas,riverapatricia@example.org
961,Richard,Martinez,brian77@example.net
962,Robert,Miranda,warrenamy@example.com
963,Stephen,Thompson,xsawyer@example.com
964,Micheal,Benjamin,pwilson@example.com
965,Michael,Hood,cmoreno@example.net
966,Miguel,Wood,michaelrichardson@example.net
967,Shelley,Jordan,oboone@example.com
968,Lisa,Holland,ricky89@example.net
969,Toni,Sanchez,ricewilliam@example.net
970,Julie,Murphy,xstewart@example.org
971,Manuel,Richard,whiteandrew@example.com
972,Shannon,Anthony,johnwilliams@example.com
973,Lori,Ramirez,christine51@example.org
974,Patricia,Bell,kduncan@example.com
975,Mary,Strickland,cindy07@example.org
976,Melissa,Floyd,cvaughn@example.com
977,Brittney,Gentry,gloriabarnett@example.net
978,Brittany,Brown,lambmark@example.com
979,Jason,Jackson,mnixon@example.org
980,Chelsea,Perez,waredustin@example.com
981,Michael,Eaton,andersontodd@example.com
982,Jamie,Dunn,odavis@example.com
983,Stacy,Beasley,katherinerandall@example.net
984,Jesse,Dean,xnguyen@example.net
985,Tracy,James,taylorcruz@example.org
986,Laura,Olson,tammy72@example.net
987,Justin,Bailey,aliciaosborne@example.org
988,Patrick,Meyer,wgarcia@example.com
989,Geoffrey,Miller,nicoleroberts@example.net
990,John,Mcpherson,montoyaemily@example.net
991,Daniel,Anderson,roachkimberly@example.org
992,Sergio,Griffin,christophergalvan@example.net
993,Eddie,Butler,ejohnson@example.net
994,Jose,Mendez,johnsonsteven@example.net
995,Mark,Dean,michellemoore@example.net
996,Blake,Wright,fhenderson@example.net
997,Debra,Johnston,katherine13@example.net
998,Amanda,Griffith,morakenneth@example.com
999,Nathan,Francis,moraangela@example.org
